1456245386587381761	RT @ManningBooks: Test and build your knowledge of Python with the kind of open-ended problems that professional data scientists work on ev‚Ä¶
1456245382090952708	Frontend Developer Guide for 2022 üî•üî•üî•

#javascript #CSS #Java #code #golang #Angular #ml #100DaysOfCode‚Ä¶ https://t.co/FbOxGyi7PH
1456245374319042561	RT @AiArtistNFT: I'd be honored if you would take a bit to browse my collection of #ai #generative art.
#ArtificialIntelligence #MachineLea‚Ä¶
1456245367482109957	Softer, fluffier, sci-fi marigold or better put Cempas√∫chil for the future. #vqganclip
#VQGAN
#machinelearning https://t.co/Cx09WSScdE
1456245363892002827	Test and build your knowledge of Python with the kind of open-ended problems that professional data scientists work‚Ä¶ https://t.co/XJR78fIuBP
1456245349438431242	RT @FrontyMe: What is Machine Learning?
https://t.co/KfAs52wJqu
#ML #CloudComputing #100DaysOfCode #DeepLearning #Linux #Serverless #IoT #p‚Ä¶
1456245348301692932	RT @Khulood_Almani: Stationary #5G isn't ready for all #business &amp; #office environments

üëâhttps://t.co/uah7OaliDt

#technology #innovation‚Ä¶
1456245340550668290	RT @JobPreference: Need a Job?
Sign up now https://t.co/o7lVlsCHXv
FREE. NO MIDDLEMEN
#Germany #Germania #Frankfurt #Munich #Dortmund #Hann‚Ä¶
1456245340336791556	RT @JobPreference: Need a Job?
Sign up now https://t.co/o7lVlsCHXv
FREE. NO MIDDLEMEN
#Germany #Germania #Frankfurt #Munich #Dortmund #Hann‚Ä¶
1456245318463459330	RT @JobPreference: Need a Job?
Sign up now https://t.co/o7lVlsCHXv
FREE. NO MIDDLEMEN
#Germany #Germania #Frankfurt #Munich #Dortmund #Hann‚Ä¶
1456245316957704194	RT @FrontyMe: What is Machine Learning?
https://t.co/KfAs52wJqu
#ML #CloudComputing #100DaysOfCode #DeepLearning #Linux #Serverless #IoT #p‚Ä¶
1456245315384889344	RT @FrontyMe: What is Machine Learning?
https://t.co/KfAs52wJqu
#ML #CloudComputing #100DaysOfCode #DeepLearning #Linux #Serverless #IoT #p‚Ä¶
1456245297475117057	RT @VeilleCyber3: The #European states launch alliance to spur #Unicorn #growth  
https://t.co/7vLlaZmqKv

#Robotics #AIEthics #MachineLear‚Ä¶
1456245293129691136	RT @FrontyMe: What is Machine Learning?
https://t.co/KfAs52wJqu
#ML #CloudComputing #100DaysOfCode #DeepLearning #Linux #Serverless #IoT #p‚Ä¶
1456245286314074112	RT @VeilleCyber3: Database firm #ClearviewAI told to remove photos taken in #Australia 
https://t.co/3lxTSHO5Qy

#Robotics #AIEthics #Machi‚Ä¶
1456245275249496071	RT @VeilleCyber3: The #European states launch alliance to spur #Unicorn #growth  
https://t.co/7vLlaZmqKv

#Robotics #AIEthics #MachineLear‚Ä¶
1456245268991651849	RT @MachineCurve: Easy Table Parsing with TAPAS, Machine Learning and HuggingFace Transformers

#neuralnetworks #neuralnetwork #deeplearnin‚Ä¶
1456245255943098376	RT @VeilleCyber3: Database firm #ClearviewAI told to remove photos taken in #Australia 
https://t.co/3lxTSHO5Qy

#Robotics #AIEthics #Machi‚Ä¶
1456245250519863298	RT @VeilleCyber3: Database firm #ClearviewAI told to remove photos taken in #Australia 
https://t.co/3lxTSHO5Qy

#Robotics #AIEthics #Machi‚Ä¶
1456245244983496711	RT @MachineCurve: Easy Table Parsing with TAPAS, Machine Learning and HuggingFace Transformers

#neuralnetworks #neuralnetwork #deeplearnin‚Ä¶
1456245227543535618	RT @VeilleCyber3: Database firm #ClearviewAI told to remove photos taken in #Australia 
https://t.co/3lxTSHO5Qy

#Robotics #AIEthics #Machi‚Ä¶
1456245223034654725	RT @MachineCurve: Easy Table Parsing with TAPAS, Machine Learning and HuggingFace Transformers

#neuralnetworks #neuralnetwork #deeplearnin‚Ä¶
1456245153719623684	RT @15x4Munich: Ever wondered how a high-fat diet can affect your gut?ü§î

Listen to @marenbuettner talking about Single- cell genomics at on‚Ä¶
1456245152251588608	Why Is It So Hard To Train Neural Networks? #DeepLearning #learning #machinelearning  https://t.co/tpGQtge89q
1456245123168284672	RT @akbarth3great: #programming #python #datascience #machinelearning Regression in the face of messy outliers? Try Huber regressor https:/‚Ä¶
1456245119397425157	RT @Khulood_Almani: Useful #Software #Programs That Will Help You Better #Manage Your #Business

https://t.co/cUCnWG9VDR

#innovation #Clou‚Ä¶
1456245118386704387	RT @VeilleCyber3: How #SyntheticData will help build out the #metaverse 
https://t.co/mo7Qt40bO0

#Robotics #AIEthics #MachineLearning #AI‚Ä¶
1456245112854380547	RT @carbonreports: EIA DATA STUDIES: Custom charts, statistics, regression, PCA,Machine Learning
Excel, Python, R Script
#OOTT #ML #Machine‚Ä¶
1456245103564034048	With the help of Data &amp; Business Intelligence, We help our manufacturing clients identify and develop strategies to‚Ä¶ https://t.co/SyH1uhVlSJ
1456245100808441859	RT @akbarth3great: #programming #python #datascience #machinelearning Regression in the face of messy outliers? Try Huber regressor https:/‚Ä¶
1456245097071202305	RT @Khulood_Almani: Useful #Software #Programs That Will Help You Better #Manage Your #Business

https://t.co/cUCnWG9VDR

#innovation #Clou‚Ä¶
1456245095242534914	RT @jackiemorelli: #womenintech #django #nocode #javascript #github #nodejs #cybersecurity #devops #100DaysOfCode #datascience #ai #bot #co‚Ä¶
1456245095041323013	RT @AmiitCodes: Owned by META! üíõ

#100DaysOfCode
@AmiitCodes

#AI #blog #OpenSource #Python #programming #Algorithms #Developer #Android #j‚Ä¶
1456245092092715008	Tackle #racism in #AI, #BLM co-founder tells tech bosses https://t.co/9ZRUZxIHI3 via @Reuters‚Ä¶ https://t.co/4HYGqA3wkH
1456245087969611782	RT @VeilleCyber3: How #SyntheticData will help build out the #metaverse 
https://t.co/mo7Qt40bO0

#Robotics #AIEthics #MachineLearning #AI‚Ä¶
1456245077102116879	RT @ipfconline1: #Analytics: Key for Transformation of Digital Enterprise

https://t.co/AY7EP0cn2M v/ @DZoneInc

#AI #MachineLearning #BigD‚Ä¶
1456245074174558211	RT @VeilleCyber3: How #SyntheticData will help build out the #metaverse 
https://t.co/mo7Qt40bO0

#Robotics #AIEthics #MachineLearning #AI‚Ä¶
1456245073801367554	RT @VeilleCyber3: How #SyntheticData will help build out the #metaverse 
https://t.co/mo7Qt40bO0

#Robotics #AIEthics #MachineLearning #AI‚Ä¶
1456245073730023431	RT @VeilleCyber3: How #SyntheticData will help build out the #metaverse 
https://t.co/mo7Qt40bO0

#Robotics #AIEthics #MachineLearning #AI‚Ä¶
1456245051311407107	How #SyntheticData will help build out the #metaverse 
https://t.co/mo7Qt40bO0

#Robotics #AIEthics‚Ä¶ https://t.co/YkVINVQZQ0
1456245042046279685	RT @MachineCurve: Easy Table Parsing with TAPAS, Machine Learning and HuggingFace Transformers

#neuralnetworks #neuralnetwork #deeplearnin‚Ä¶
1456245041727524868	RT @MachineCurve: Easy Table Parsing with TAPAS, Machine Learning and HuggingFace Transformers

#neuralnetworks #neuralnetwork #deeplearnin‚Ä¶
1456245041702350848	RT @MachineCurve: Easy Table Parsing with TAPAS, Machine Learning and HuggingFace Transformers

#neuralnetworks #neuralnetwork #deeplearnin‚Ä¶
1456245041501032450	Sony is officially bringing God of War to PC: #BigData #MachineLearning #AI #IoT HT: @motorcycletwitt‚Ä¶ https://t.co/y7xf7Zmozi
1456245034421002244	RT @Paula_Piccard: US #CISA shares a catalog of 306 actively exploited vulnerabilities

#DataSecurity #Privacy #100DaysOfCode #Security #Cl‚Ä¶
1456245021557018626	RT @SBIAAlerts: Consensus Line Move:
2021-11-04 Boston Celtics at Miami Heat from 215.50 to 214.50
Under in trouble
#NBA #bet #machinelearn‚Ä¶
1456245019841634305	Easy Table Parsing with TAPAS, Machine Learning and HuggingFace Transformers

#neuralnetworks #neuralnetwork‚Ä¶ https://t.co/sn4JY2ccV6
1456245018486874118	High-performance, low-cost machine learning infrastructure is accelerating innovation in the #cloud‚Ä¶ https://t.co/3RqeB7ROhC
1456245004494643203	RT @Paula_Piccard: US #CISA shares a catalog of 306 actively exploited vulnerabilities

#DataSecurity #Privacy #100DaysOfCode #Security #Cl‚Ä¶
1456245000732356617	We're going live in one hour with our webinar, ‚ÄòSuperior, smart and simple; how #MachineLearning is welcoming a new‚Ä¶ https://t.co/qMk7xGWWpm
1456244999021019138	Consensus Line Move:
2021-11-04 Boston Celtics at Miami Heat from 215.50 to 214.50
Under in trouble
#NBA #bet #machinelearning #realtor
1456244995120373768	We're going live in one hour with our webinar, ‚ÄòSuperior, smart and simple; how #MachineLearning is welcoming a new‚Ä¶ https://t.co/vVuxaI3RcP
1456244993438457858	We're going live in one hour with our webinar, ‚ÄòSuperior, smart and simple; how #MachineLearning is welcoming a new‚Ä¶ https://t.co/aWkYEhSDTM
1456244991341236231	RT @Paula_Piccard: US #CISA shares a catalog of 306 actively exploited vulnerabilities

#DataSecurity #Privacy #100DaysOfCode #Security #Cl‚Ä¶
1456244991249035265	RT @Paula_Piccard: US #CISA shares a catalog of 306 actively exploited vulnerabilities

#DataSecurity #Privacy #100DaysOfCode #Security #Cl‚Ä¶
1456244984085102602	RT @moezpycaretorg1: Identifying Sellers of Illicit Narcotics on Soundcloud Using LDA by Mitchell Telatnik üëá

https://t.co/PRhYwBRM8E

#dat‚Ä¶
1456244983686651908	RT @moezpycaretorg1: Identifying Sellers of Illicit Narcotics on Soundcloud Using LDA by Mitchell Telatnik üëá

https://t.co/PRhYwBRM8E

#dat‚Ä¶
1456244969014972427	US #CISA shares a catalog of 306 actively exploited vulnerabilities

#DataSecurity #Privacy #100DaysOfCode‚Ä¶ https://t.co/uTj9f370Kc
1456244962572443654	RT @richardkimphd: #ArtificialIntelligence (#AI) in Energy
2021-10-25T13:05:42Z

@LindaGrass0 

#MonteCarlo #Neuromorphic #Javascript #Blue‚Ä¶
1456244961775607809	Identifying Sellers of Illicit Narcotics on Soundcloud Using LDA by Mitchell Telatnik üëá

https://t.co/PRhYwBRM8E‚Ä¶ https://t.co/XMrU8sQsIG
1456244955987464206	Today‚Äôs deep dive on #AI, #machinelearning, and #cybersecurity starts now!  

Follow and ask your questions at‚Ä¶ https://t.co/bqU6V7yM2e
1456244948529987593	RT @JobPreference: ARE YOU HIRING?
Sign up now https://t.co/rMErDK45VP
FREE. NO MIDDLEMEN
#Job #JobSearch #DataAnalytics #MachineLearning #‚Ä¶
1456244943190638594	RT @techdevacademy1: Our Bootcamp for 360 Degree Program is 100% Online. Learn more: https://t.co/n6orEoKTNI

#Kids #STEM #scratch #python‚Ä¶
1456244926031802369	RT @JobPreference: ARE YOU HIRING?
Sign up now https://t.co/rMErDJMv4h
FREE. NO MIDDLEMEN
#Job #JobSearch #DataAnalytics #MachineLearning #‚Ä¶
1456244925306187778	RT @JobPreference: ARE YOU HIRING?
Sign up now https://t.co/rMErDK45VP
FREE. NO MIDDLEMEN
#Job #JobSearch #DataAnalytics #MachineLearning #‚Ä¶
1456244921019420680	RT @techdevacademy1: Our Bootcamp for 360 Degree Program is 100% Online. Learn more: https://t.co/n6orEoKTNI

#Kids #STEM #scratch #python‚Ä¶
1456244916468789250	RT @grattonboy: How synthetic data will help build out the #Metaverse  https://t.co/FRaNCIYXUZ via @axios 

#AI #artificialintelligence #ML‚Ä¶
1456244912655978502	RT @JobPreference: ARE YOU HIRING?
Sign up now https://t.co/rMErDJMv4h
FREE. NO MIDDLEMEN
#Job #JobSearch #DataAnalytics #MachineLearning #‚Ä¶
1456244911712395264	RT @JobPreference: NEED a JOB?
Sign up now https://t.co/rMErDJMv4h
FREE. NO MIDDLEMEN
#innoavtion #VR #AR #DigitalMarketing #AI #Artificial‚Ä¶
1456244910286327809	RT @hfvidl122: Service by #Nikseam
#MachineLearning #5G #DataScience #startup #100DaysOfCode #mumbai #Python #Cybersecurity #BigData #IoT #‚Ä¶
1456244908583526403	RT @akbarth3great: #neuralnetworks #datascience #bigdata #machinelearning Is Self-Supervised Learning the Future of AI? https://t.co/wLqXIV‚Ä¶
1456244904343085060	RT @hfvidl122: Service by #Nikseam
#MachineLearning #5G #DataScience #startup #100DaysOfCode #mumbai #Python #Cybersecurity #BigData #IoT #‚Ä¶
1456244900127719424	RT @bigdata_engnr: Machine Learning Project - Glass Identification

https://t.co/n46bOcCzwv

#apachespark  #bigdata #datascience #machinele‚Ä¶
1456244897590267910	Simple #Data and #MachineLearning Pipelines With #JobOrchestration #Databricks https://t.co/s0sLI2HzYe by @databricks
1456244892808593414	RT @grattonboy: How synthetic data will help build out the #Metaverse  https://t.co/FRaNCIYXUZ via @axios 

#AI #artificialintelligence #ML‚Ä¶
1456244887842697222	RT @hfvidl122: Service by #Nikseam
#MachineLearning #5G #DataScience #startup #100DaysOfCode #mumbai #Python #Cybersecurity #BigData #IoT #‚Ä¶
1456244885888061446	RT @Analytics_699: A single model to do Million type of 
Things - "Pathways"
#Analytics #MachineLearning #AI #Python #Rstats #Reactjs #IoT‚Ä¶
1456244884768104448	RT @akbarth3great: #neuralnetworks #datascience #bigdata #machinelearning Is Self-Supervised Learning the Future of AI? https://t.co/wLqXIV‚Ä¶
1456244879529480195	RT @JobPreference: ARE YOU HIRING?
Sign up now https://t.co/rMErDJMv4h
FREE. NO MIDDLEMEN
#Job #JobSearch #DataAnalytics #MachineLearning #‚Ä¶
1456244873544159235	RT @bigdata_engnr: Machine Learning Project - Glass Identification

https://t.co/n46bOcCzwv

#apachespark  #bigdata #datascience #machinele‚Ä¶
1456244868490072065	RT @JobPreference: ARE YOU HIRING?
Sign up now https://t.co/rMErDJMv4h
FREE. NO MIDDLEMEN
#Job #JobSearch #DataAnalytics #MachineLearning #‚Ä¶
1456244867814809607	RT @akbarth3great: #neuralnetworks #datascience #bigdata #machinelearning Is Self-Supervised Learning the Future of AI? https://t.co/hzRhSW‚Ä¶
1456244863750524932	RT @Analytics_699: A single model to do Million type of 
Things - "Pathways"
#Analytics #MachineLearning #AI #Python #Rstats #Reactjs #IoT‚Ä¶
1456244862529912843	RT @RichardEudes: What‚Äôs Neural Network? https://t.co/ctN20Yagzv #bigdata, #datascience, #datascience #ds, #machinelearning, #neuralnetworks
1456244856943165441	RT @JobPreference: ARE YOU HIRING?
Sign up now https://t.co/rMErDJMv4h
FREE. NO MIDDLEMEN
#Job #JobSearch #DataAnalytics #MachineLearning #‚Ä¶
1456244849972187138	#Infinity is our #personal assistant
Using core sub-areas of #AI like #machinelearning and #neuralnetworks, Infinit‚Ä¶ https://t.co/jxVqwmaUHD
1456244848474865665	Our Bootcamp for 360 Degree Program is 100% Online. Learn more: https://t.co/n6orEoKTNI

#Kids #STEM #scratch‚Ä¶ https://t.co/Bp1psLVRUF
1456244846394548234	ARE YOU HIRING?
Sign up now https://t.co/rMErDJMv4h
FREE. NO MIDDLEMEN
#Job #JobSearch #DataAnalytics‚Ä¶ https://t.co/PdhWPhjWJ7
1456244844448321540	Ever wondered how a high-fat diet can affect your gut?ü§î

Listen to @marenbuettner talking about Single- cell genomi‚Ä¶ https://t.co/XRoSoZBbLP
1456244841407467528	RT @akbarth3great: #neuralnetworks #datascience #bigdata #machinelearning Is Self-Supervised Learning the Future of AI? https://t.co/hzRhSW‚Ä¶
1456244840136593413	RT @ConnectedAction: (Artificial Intelligence) OR #AI via NodeXL https://t.co/wfya8IyYSi
@artificialbra1n
@ipfconline1
@ronald_vanloon
@edu‚Ä¶
1456244839788462087	RT @akbarth3great: #programming #python #datascience #machinelearning Regression in the face of messy outliers? Try Huber regressor https:/‚Ä¶
1456244791809695745	RT @casualganpapers: Does anyone want to order GAN-generated üçïpizza?

I might be opening a cafe soon üòÇ

#GAN #DeepLearning #MachineLearning‚Ä¶
1456244771584946177	RT @agt_02: Python Projects for BeginnerS:

#Coding #DataAnalytics #data #machinelearning #DEVELOPING #programming #SoftwareEngineering #ja‚Ä¶
1456244757970227207	RT @agt_02: Python Projects for BeginnerS:

#Coding #DataAnalytics #data #machinelearning #DEVELOPING #programming #SoftwareEngineering #ja‚Ä¶
1456244754191196160	RT @brainksy: üî•New Hot Pizza Monstersüî•

1/1, 3000x3000px

https://t.co/46o74wMxD7

#Ethereum #nft #nfts #opensea #OpenSeaNFT #NFTCommunity‚Ä¶
1456244748046458887	RT @agt_02: Python Projects for BeginnerS:

#Coding #DataAnalytics #data #machinelearning #DEVELOPING #programming #SoftwareEngineering #ja‚Ä¶
1456244713229520897	RT @Khulood_Almani: ‚ö†Ô∏èÿ•ÿ±ÿ¥ÿßÿØÿßÿ™ ŸÑŸÑŸÖÿ≠ÿßŸÅÿ∏ÿ© ÿπŸÑŸâ ÿ≥ÿ±Ÿäÿ© ÿßŸÑŸÖÿπŸÑŸàŸÖÿßÿ™

#ÿßŸÑÿ£ŸÖŸÜ_ÿßŸÑÿ≥Ÿäÿ®ÿ±ÿßŸÜŸä #ÿ™ŸÇŸÜŸäÿ© #ÿ™ŸÇŸÜŸäÿ©_ÿ±ŸÇŸÖŸäÿ© #ÿ™ŸÇŸÜŸäÿ©_ÿßŸÑŸÖÿπŸÑŸàŸÖÿßÿ™ #ÿßŸÑŸÖÿØŸÜ_ÿßŸÑÿ∞ŸÉŸäÿ©
#CyberSecuri‚Ä¶
1456244698490736645	RT @Paula_Piccard: 6 Types of AI Bias Everyone Should Know

#MachineLearning #AI #Python #DataScience #BigData
#DeepLearning #IoT #100DaysO‚Ä¶
1456244688235683852	RT @debashis_dutta: ü§îGlobal #Digital Payments and #Fintech Ecosystemüëà
#ai #MachineLearning #DeepLearning
@DeepLearn007 @mvollmer1 @Nicochan‚Ä¶
